1,A. Haghighi,29,G
2,H. Lak,27,G
3,M. Mazaheri,28,G
4,A. Abedzadeh,24,G
5,A. Beiranvand,25,G
6,M. Akhbari,24,G
7,J. Hosseini,35,D
8,P. Montazeri,34,D
9,V. Ghafouri,30,D
10,M. Pouraliganji,25,D
11,R. Rezaeian,27,D
12,M. Kanani,23,D
13,E. Pourghaz,30,D
14,R. Cheshmi,24,D
15,Milad Mohammadi,24,D
16,A. Dejagah,31,M
17,E. Hajsafi,27,M
18,A. Imani,25,M
19,O. Ebrahimi,30,M
20,A. Abdollahzadeh,25,M
21,S. Aghaei,22,M
22,V. Amiri,29,M
23,S. Ezatolahi,21,M
24,E. Pahlevan,24,M
25,Ali Karimi,23,M
26,M. Torabi,23,M
27,R. Ghoochannejhad,30,A
28,K. Ansarifard,27,A
29,K. Rezaei,25,A
30,M. Taremi,25,A
31,S. Azmoun,22,A
32,S. Ghoddos,24,A
33,A. Jahanbakhsh,24,A
