1,E. Kawashima,34,G
2,M. Higashiguchi,31,G
3,S. Nishikawa,31,G
4,K. Nakamura,22,G
5,Y. Konno,34,D
6,T. Makino,30,D
7,M. Yoshida,29,D
8,Y. Nagatomo,31,D
9,H. Sakai,27,D
10,G. Sakai,26,D
11,W. Endo,24,D
12,G. Shoji,25,D
13,N. Ueda,23,D
14,G. Miura,22,D
15,S. Kurumaya,25,D
16,M. Hasebe,33,M
17,T. Inui,29,M
18,S. Kurata,29,M
19,K. Honda,31,M
20,S. Kagawa,28,M
21,G. Haraguchi,26,M
22,T. Usami,25,M
23,H. Yamaguchi,27,M
24,T. Ugajin,29,M
25,R. Morioka,26,M
26,Y. Kobayashi,25,M
27,K. Kato,28,M
28,K. Nagasawa,26,M
29,Y. Ideguchi,21,M
30,S. Okazaki,31,A
31,Y. Osako,27,A
32,K. Sugimoto,25,A
33,S. Koroki,31,A
34,Y. Kubo,24,A
35,Y. Muto,25,A
36,T. Asano,23,A
